hidden_layers,activation,learning_rate,batch_size,best_val_mse,best_epoch,epochs,final_train_mse
"(128, 64)",ReLU,0.01,16,0.8188380599021912,564,584,0.6684723794460297
"(128, 64)",ReLU,0.01,32,0.8335675001144409,998,1000,0.6404692530632019
"(64, 64)",ReLU,0.01,16,0.8605259656906128,628,648,0.6994299292564392
"(128, 64)",ReLU,0.01,8,0.8672095537185669,211,231,0.803215317428112
"(64, 64)",ReLU,0.01,8,0.871433675289154,286,306,0.7338340729475021
"(64, 64)",ReLU,0.01,32,0.8928044438362122,1000,1000,0.7006264925003052
"(32, 32)",ReLU,0.01,8,0.950110673904419,166,186,0.7846318334341049
"(64,)",ReLU,0.01,32,0.9561843276023865,1000,1000,0.753734827041626
"(32, 32)",ReLU,0.01,16,0.9641168117523193,233,253,0.7832364737987518
"(32, 32)",ReLU,0.01,32,0.9666921496391296,444,464,0.7885467410087585
"(64,)",ReLU,0.01,8,0.972863495349884,143,163,0.8354237005114555
"(64, 64)",ReLU,0.001,8,0.9776102304458618,777,797,0.8269053250551224
"(32, 32)",ReLU,0.001,16,0.9857937693595886,1000,1000,0.8552338778972626
"(64, 64)",ReLU,0.001,16,0.9919016361236572,1000,1000,0.8518874645233154
"(128,)",ReLU,0.01,16,0.9941766262054443,17,37,0.9305334389209747
"(128,)",ReLU,0.01,8,0.9946947693824768,6,26,0.8301466852426529
"(32,)",ReLU,0.01,8,0.9966477155685425,71,91,0.834272488951683
"(64,)",ReLU,0.01,16,0.9972680807113647,96,116,0.8310090005397797
"(32,)",ReLU,0.01,32,0.9990326166152954,265,285,0.8292700052261353
"(32,)",ReLU,0.01,16,0.9999658465385437,71,91,0.8477155864238739
"(32,)",ReLU,0.001,16,1.0018469095230103,739,759,0.8595848381519318
"(128,)",ReLU,0.01,32,1.002469778060913,38,58,0.8463450074195862
"(64,)",ReLU,0.001,16,1.0026460886001587,715,735,0.8431906998157501
"(32,)",ReLU,0.001,8,1.0063594579696655,274,294,0.8833233267068863
"(128, 64)",ReLU,0.001,16,1.0077521800994873,654,674,0.8626909255981445
"(64,)",ReLU,0.001,8,1.0079772472381592,249,269,0.866779699921608
"(32,)",ReLU,0.001,32,1.0083292722702026,1000,1000,0.8911926746368408
"(64,)",ReLU,0.001,32,1.008371353149414,1000,1000,0.8688700199127197
"(32, 32)",ReLU,0.001,32,1.0100207328796387,1000,1000,0.9244374632835388
"(32,)",Tanh,0.01,8,1.010314702987671,71,91,0.9223186671733856
"(128,)",ReLU,0.001,8,1.011212944984436,3,23,0.9301932901144028
"(128,)",ReLU,0.001,16,1.0114399194717407,4,24,0.9693743288516998
"(128,)",ReLU,0.001,32,1.0116008520126343,9,29,0.9671286940574646
"(64, 64)",ReLU,0.001,32,1.0116572380065918,1000,1000,0.9059298038482666
"(32,)",Tanh,0.01,32,1.0126615762710571,339,359,0.8984453082084656
"(128, 64)",ReLU,0.001,32,1.0129038095474243,999,1000,0.880023717880249
"(128, 64)",ReLU,0.001,8,1.0135530233383179,222,242,0.8493236675858498
"(32,)",Tanh,0.01,16,1.0137381553649902,70,90,0.9235785603523254
"(128, 64)",Tanh,0.01,16,1.0168029069900513,36,56,0.9658834338188171
"(128, 64)",Tanh,0.01,8,1.0169802904129028,23,43,0.9227852523326874
"(32,)",Tanh,0.001,32,1.018038034439087,1000,1000,0.9453145265579224
"(128, 64)",Tanh,0.001,32,1.0181370973587036,889,909,0.9330082535743713
"(128, 64)",Tanh,0.01,32,1.018155574798584,89,109,0.9253880977630615
"(128, 64)",Tanh,0.001,8,1.0184359550476074,145,165,0.9572923481464386
"(128, 64)",Tanh,0.001,16,1.0184723138809204,294,314,0.9673849046230316
"(32,)",Tanh,0.001,8,1.0184818506240845,180,200,0.9809786230325699
"(32,)",Tanh,0.001,16,1.0192363262176514,364,384,0.9662472307682037
"(64, 64)",Tanh,0.01,8,1.0211046934127808,30,50,0.9456046372652054
"(64,)",Tanh,0.01,16,1.0213576555252075,39,59,0.9441045522689819
"(128,)",Tanh,0.01,16,1.0213754177093506,20,40,0.9182659983634949
"(32, 32)",Tanh,0.01,8,1.0213866233825684,82,102,0.9314608424901962
"(64,)",Tanh,0.01,8,1.0219262838363647,25,45,0.9476100653409958
"(64, 64)",Tanh,0.01,16,1.0222234725952148,64,84,0.9441375434398651
"(128,)",Tanh,0.001,8,1.022261142730713,107,127,0.9653948098421097
"(128,)",Tanh,0.001,32,1.0234636068344116,573,593,0.9258671402931213
"(128,)",Tanh,0.01,32,1.0234829187393188,57,77,0.9159305691719055
"(64, 64)",Tanh,0.01,32,1.0235421657562256,153,173,0.9241598844528198
"(64,)",Tanh,0.001,32,1.0236034393310547,862,882,0.9241230487823486
"(64,)",Tanh,0.01,32,1.0236111879348755,86,106,0.9177257418632507
"(64, 64)",Tanh,0.001,16,1.0245195627212524,487,507,0.9504190385341644
"(128,)",Tanh,0.01,8,1.0246156454086304,9,29,1.0882441401481628
"(32, 32)",Tanh,0.01,32,1.024789810180664,369,389,0.902305543422699
"(64, 64)",Tanh,0.001,32,1.0248442888259888,1000,1000,0.9497198462486267
"(32, 32)",Tanh,0.01,16,1.0249329805374146,100,120,0.9472061991691589
"(128,)",Tanh,0.001,16,1.0252872705459595,120,140,0.9480123817920685
"(64,)",Tanh,0.001,16,1.0255134105682373,170,190,0.9540404677391052
"(64,)",Tanh,0.001,8,1.0265265703201294,54,74,0.9306989759206772
"(64, 64)",Tanh,0.001,8,1.0275875329971313,134,154,0.9490841925144196
"(32, 32)",Tanh,0.001,16,1.0291372537612915,684,704,0.9272344708442688
"(32, 32)",Tanh,0.001,8,1.0312092304229736,252,272,0.9307489693164825
"(32, 32)",Tanh,0.001,32,1.0312345027923584,1000,1000,0.952128529548645
"(32, 32)",ReLU,0.001,8,1.054936408996582,10,30,1.0143996626138687
