epoch,train_mse,val_mse,train_mae,val_mae
1,1.0101954936981201,0.9441649913787842,0.7914264798164368,0.7902967929840088
2,1.0070818662643433,0.9412761330604553,0.7906129956245422,0.7880783081054688
3,1.0041593313217163,0.9387716054916382,0.7898051142692566,0.7862781286239624
4,1.0015259981155396,0.9366440176963806,0.789074182510376,0.784756600856781
5,0.999235987663269,0.9348926544189453,0.7884384989738464,0.7834643721580505
6,0.9970394372940063,0.9333304762840271,0.787783682346344,0.7823337316513062
7,0.9950224757194519,0.9319803714752197,0.7871688604354858,0.78139328956604
8,0.9930734038352966,0.9307970404624939,0.7865486741065979,0.7805872559547424
9,0.9912670254707336,0.9297386407852173,0.7859197854995728,0.7798795104026794
10,0.9895485043525696,0.9287955164909363,0.7853221297264099,0.7792843580245972
11,0.9878829717636108,0.9279285669326782,0.7847147583961487,0.7787821292877197
12,0.9862939715385437,0.9270896315574646,0.7841631770133972,0.778350830078125
13,0.9847390651702881,0.9263415932655334,0.7836351990699768,0.777929425239563
14,0.9834621548652649,0.9258489608764648,0.7832107543945312,0.7776163816452026
15,0.9823594689369202,0.9254533052444458,0.7828723788261414,0.7773339152336121
16,0.981339156627655,0.9250389337539673,0.7825594544410706,0.7769759893417358
17,0.9803676605224609,0.9246963262557983,0.7822898626327515,0.7766184210777283
18,0.9794337153434753,0.9243926405906677,0.782035768032074,0.7763209939002991
19,0.9785442352294922,0.9241413474082947,0.7818077802658081,0.7760714292526245
20,0.9776760339736938,0.9238536953926086,0.7815643548965454,0.7758013010025024
21,0.9768269062042236,0.9236986637115479,0.7813588380813599,0.7756366729736328
22,0.9760053157806396,0.9235655665397644,0.7811578512191772,0.7754966616630554
23,0.9751875400543213,0.9233972430229187,0.780936598777771,0.7753644585609436
24,0.9743738174438477,0.923309862613678,0.780735969543457,0.7752645611763
25,0.9735670685768127,0.9231789708137512,0.7805341482162476,0.7751914858818054
26,0.972777783870697,0.923086941242218,0.780353307723999,0.775154709815979
27,0.9719846248626709,0.922959566116333,0.7801398634910583,0.7750417590141296
28,0.9711744785308838,0.9228343963623047,0.7799273133277893,0.7749863266944885
29,0.9703670144081116,0.9227429628372192,0.7797338366508484,0.774931013584137
30,0.9695671200752258,0.922622799873352,0.7795240879058838,0.7749038338661194
31,0.9687608480453491,0.9226604700088501,0.7793332934379578,0.7749230861663818
32,0.9679492712020874,0.9224691987037659,0.7790727615356445,0.774827241897583
33,0.9671987295150757,0.922412633895874,0.7788668274879456,0.7748029232025146
34,0.9665259122848511,0.9223650097846985,0.7786868214607239,0.7747536301612854
35,0.9658448100090027,0.922417402267456,0.7785270810127258,0.7747920155525208
36,0.9651745557785034,0.9222955703735352,0.778320848941803,0.7746574878692627
37,0.9644967317581177,0.922196090221405,0.7781093120574951,0.7746205925941467
38,0.9638364911079407,0.9221612215042114,0.7779226899147034,0.774579644203186
39,0.9631691575050354,0.922212541103363,0.7777669429779053,0.7746044397354126
40,0.9625130891799927,0.9221798181533813,0.7775807976722717,0.7745680212974548
41,0.9618768095970154,0.9220512509346008,0.7773739099502563,0.7744382619857788
42,0.9612400531768799,0.9220631718635559,0.7772093415260315,0.7744235992431641
43,0.960598349571228,0.9220268130302429,0.7770283222198486,0.7743781208992004
44,0.959951639175415,0.9219684600830078,0.7768427729606628,0.7743073105812073
45,0.9593247771263123,0.9220182299613953,0.776685357093811,0.7743448615074158
46,0.9586926698684692,0.9218757748603821,0.7764800786972046,0.774192214012146
47,0.958051323890686,0.9218595623970032,0.7763095498085022,0.7741680145263672
48,0.9574452638626099,0.9218056201934814,0.7761293053627014,0.7741122841835022
49,0.9568184018135071,0.9219181537628174,0.775985836982727,0.774148166179657
50,0.9561850428581238,0.9218763113021851,0.7758187651634216,0.7741748690605164
51,0.9555875658988953,0.9218191504478455,0.775641143321991,0.7741214632987976
52,0.9549592137336731,0.9218555092811584,0.7754574418067932,0.7741073369979858
53,0.954334557056427,0.9218146800994873,0.7752849459648132,0.7741371393203735
54,0.9537367224693298,0.9218143820762634,0.7751081585884094,0.774057924747467
55,0.9531112909317017,0.9218453764915466,0.7749491333961487,0.7740818858146667
56,0.9525015354156494,0.9218330383300781,0.7747781872749329,0.7740816473960876
57,0.9519012570381165,0.9217678904533386,0.774591326713562,0.7740269303321838
58,0.9512947797775269,0.9217548370361328,0.7744143009185791,0.7740449905395508
59,0.9506797194480896,0.9217637181282043,0.7742347717285156,0.773979902267456
60,0.9500792622566223,0.9218212962150574,0.7740916013717651,0.7740403413772583
61,0.9494763612747192,0.9218263030052185,0.7739067077636719,0.7739822268486023
62,0.9488573670387268,0.9217636585235596,0.7737324237823486,0.7740074992179871
63,0.9482724666595459,0.9218580722808838,0.7735794186592102,0.7740554809570312
64,0.9476538896560669,0.9217771291732788,0.773375928401947,0.7739997506141663
65,0.9470702409744263,0.9216247797012329,0.7731704711914062,0.7738721370697021
66,0.9464579820632935,0.9217337369918823,0.7730088829994202,0.7739407420158386
67,0.945854127407074,0.9216449856758118,0.7728286385536194,0.7739576101303101
68,0.9452685117721558,0.9215803742408752,0.7726259827613831,0.7738458514213562
69,0.9446580410003662,0.921617865562439,0.7724708318710327,0.7739103436470032
70,0.9440630674362183,0.921596884727478,0.7722813487052917,0.7738223671913147
71,0.9434677362442017,0.9216352105140686,0.772121012210846,0.7739173769950867
72,0.9428701996803284,0.9215444922447205,0.7719016671180725,0.7737938165664673
73,0.942270815372467,0.9214246273040771,0.7717202305793762,0.7737775444984436
74,0.941680908203125,0.921569287776947,0.7715569734573364,0.7737920880317688
75,0.9410718679428101,0.9214567542076111,0.7713709473609924,0.7738006114959717
76,0.9405102133750916,0.9215046763420105,0.7711904644966125,0.7737330198287964
77,0.9399030208587646,0.9213096499443054,0.7709944248199463,0.773651659488678
78,0.9393436312675476,0.9212692379951477,0.7707844376564026,0.7735864520072937
79,0.9387397766113281,0.9212554097175598,0.7706132531166077,0.7736501693725586
80,0.9381753206253052,0.9210742712020874,0.770385205745697,0.7734143137931824
81,0.9375792741775513,0.921091616153717,0.7702091932296753,0.7735370397567749
82,0.9369955658912659,0.921014130115509,0.7700086832046509,0.7733885645866394
83,0.9364216923713684,0.9208601713180542,0.769826352596283,0.7733882069587708
84,0.9358347654342651,0.9209042191505432,0.7696166634559631,0.7733390927314758
85,0.9352487921714783,0.9207305908203125,0.7694270014762878,0.773314356803894
86,0.9346708059310913,0.9208147525787354,0.7692500948905945,0.7732749581336975
87,0.9340742230415344,0.920680582523346,0.7690389752388,0.7733389735221863
88,0.933484673500061,0.9206607937812805,0.7688077092170715,0.7732104659080505
89,0.9328869581222534,0.9204933047294617,0.7686064839363098,0.7732136845588684
90,0.9322955012321472,0.9204327464103699,0.768386960029602,0.77310711145401
91,0.9317108392715454,0.9204235076904297,0.7682164311408997,0.7732908129692078
92,0.9311167597770691,0.9204352498054504,0.7680151462554932,0.7733060717582703
93,0.9305463433265686,0.920397937297821,0.7678145170211792,0.7733961939811707
94,0.9299452900886536,0.9202818274497986,0.7676023244857788,0.7734144926071167
95,0.9293773770332336,0.9204357266426086,0.7674272656440735,0.7735298871994019
96,0.9287766218185425,0.9202260971069336,0.7672117352485657,0.7736023664474487
97,0.9282061457633972,0.9204031825065613,0.7670384049415588,0.7737434506416321
98,0.9276177883148193,0.9200524687767029,0.7667890191078186,0.7736552953720093
99,0.9270380735397339,0.9202234148979187,0.7666075229644775,0.7738047242164612
100,0.926457941532135,0.9200409054756165,0.7664037942886353,0.7738958597183228
101,0.9258671998977661,0.9200268983840942,0.7661851048469543,0.7738831043243408
102,0.9252944588661194,0.9201088547706604,0.7659947276115417,0.7739443182945251
103,0.9247066378593445,0.9199090600013733,0.765774667263031,0.7740281820297241
104,0.9241134524345398,0.9199448227882385,0.7655564546585083,0.7740479707717896
105,0.9235436916351318,0.9198086261749268,0.7653611898422241,0.7741879820823669
106,0.9229287505149841,0.9198567271232605,0.765140950679779,0.774216890335083
107,0.9223849177360535,0.9197035431861877,0.7649492025375366,0.7743241786956787
108,0.9217706322669983,0.9197865724563599,0.7647464871406555,0.7744104862213135
109,0.9212163090705872,0.9196663498878479,0.7644878029823303,0.7743211984634399
110,0.9206105470657349,0.9195806384086609,0.7642888426780701,0.7744940519332886
111,0.9200277924537659,0.9194610714912415,0.7640466690063477,0.7743965983390808
112,0.9194564819335938,0.9194679856300354,0.763873279094696,0.774652361869812
113,0.9188530445098877,0.919349730014801,0.7636185884475708,0.7745741605758667
114,0.9182806015014648,0.9194597601890564,0.7634156942367554,0.7746337056159973
115,0.9176996946334839,0.9191849827766418,0.7631809711456299,0.7747300267219543
116,0.9170835614204407,0.9192783832550049,0.7629531621932983,0.7747674584388733
117,0.9165394902229309,0.9189879298210144,0.7627322673797607,0.7748050689697266
118,0.9159153699874878,0.9191408753395081,0.762518048286438,0.7749377489089966
119,0.9153467416763306,0.9190853238105774,0.7622800469398499,0.7748737931251526
120,0.9147594571113586,0.9189851880073547,0.7620811462402344,0.7751026153564453
121,0.9141585826873779,0.9189630150794983,0.7618369460105896,0.775071918964386
122,0.9135916829109192,0.9188433885574341,0.7615669369697571,0.7749631404876709
123,0.913003146648407,0.9186515808105469,0.7613483667373657,0.775123655796051
124,0.9123858213424683,0.9186743497848511,0.7611081004142761,0.7751179933547974
125,0.9118451476097107,0.9184844493865967,0.7608948945999146,0.7752832770347595
126,0.9112149477005005,0.918503999710083,0.7606469988822937,0.7752974033355713
127,0.9106469750404358,0.9184413552284241,0.7604023814201355,0.7752439379692078
128,0.9100576639175415,0.9183043241500854,0.7601890563964844,0.7754507064819336
129,0.9094589948654175,0.9183429479598999,0.759933590888977,0.7754418849945068
130,0.9088789820671082,0.9181925058364868,0.7596698999404907,0.7753461003303528
131,0.9082950353622437,0.9181542992591858,0.7594680786132812,0.7756295800209045
132,0.9076751470565796,0.9179568886756897,0.7591819167137146,0.7754552364349365
133,0.907118558883667,0.9180961847305298,0.7589700818061829,0.7755953669548035
134,0.9065220952033997,0.9177994132041931,0.7587271332740784,0.7756872773170471
135,0.9059019088745117,0.9178745746612549,0.7584794163703918,0.7757025957107544
136,0.9053561091423035,0.9177181124687195,0.7582367658615112,0.7757567167282104
137,0.9047382473945618,0.9176605343818665,0.7580013275146484,0.775865375995636
138,0.9041515588760376,0.9174181818962097,0.7576879858970642,0.7756945490837097
139,0.9035717248916626,0.9173281192779541,0.7574494481086731,0.7757346034049988
140,0.9029797911643982,0.9173184037208557,0.7572213411331177,0.7758811712265015
141,0.9023686647415161,0.917191743850708,0.7569495439529419,0.7758375406265259
142,0.9017940163612366,0.917184054851532,0.756712019443512,0.7759369015693665
143,0.9012113809585571,0.9168859124183655,0.756450355052948,0.7759305834770203
144,0.9005834460258484,0.9170235991477966,0.7562006115913391,0.7760164737701416
145,0.9000368714332581,0.9167546629905701,0.7559270858764648,0.7759253978729248
146,0.8994181156158447,0.9166213870048523,0.7556647658348083,0.7760313749313354
147,0.8988272547721863,0.9167444109916687,0.7554237246513367,0.7761019468307495
148,0.8982511758804321,0.9164562821388245,0.7551497220993042,0.7760570049285889
149,0.8976489901542664,0.9164015650749207,0.7549007534980774,0.7761633992195129
150,0.8970552682876587,0.9163504242897034,0.7546266317367554,0.7761679887771606
151,0.8964698910713196,0.9162535071372986,0.7543448209762573,0.7760308980941772
152,0.8958922028541565,0.9159659147262573,0.7541014552116394,0.7761846780776978
153,0.8952791690826416,0.9159877896308899,0.7538312077522278,0.7762381434440613
154,0.8946970105171204,0.9160119295120239,0.7535648941993713,0.7761619687080383
155,0.8941335678100586,0.9156631231307983,0.7533103823661804,0.7763113379478455
156,0.8935285210609436,0.9157406091690063,0.7530545592308044,0.7763519883155823
157,0.8929526209831238,0.9153841733932495,0.7527015209197998,0.7759934663772583
158,0.8923656940460205,0.91534423828125,0.7524517178535461,0.7761744856834412
159,0.8917906284332275,0.9153120517730713,0.7522202134132385,0.7763593196868896
160,0.8911945819854736,0.9150481820106506,0.7519025206565857,0.7761151790618896
161,0.890598475933075,0.9150698781013489,0.7516540288925171,0.776299238204956
162,0.8900412321090698,0.9147893786430359,0.7513840198516846,0.7762768864631653
163,0.8894373774528503,0.9148005247116089,0.7511118650436401,0.7763165831565857
164,0.8888538479804993,0.9147877097129822,0.7508249878883362,0.7762184143066406
165,0.8882894515991211,0.9145783185958862,0.7505400776863098,0.7762648463249207
166,0.8876878023147583,0.9143779873847961,0.7502671480178833,0.7763573527336121
167,0.8871079683303833,0.9141756892204285,0.749960720539093,0.7761267423629761
168,0.8865154981613159,0.914095938205719,0.7496929168701172,0.7762863039970398
169,0.8859423398971558,0.9139941334724426,0.7494437098503113,0.7763813138008118
170,0.8853546977043152,0.9139168858528137,0.7491485476493835,0.776358425617218
171,0.8847622275352478,0.9137678742408752,0.748842179775238,0.7761709094047546
172,0.8841830492019653,0.9138187170028687,0.74859619140625,0.7764065861701965
173,0.883611261844635,0.9133954644203186,0.7482959628105164,0.7763477563858032
174,0.8829955458641052,0.9134668111801147,0.7481696009635925,0.7763704657554626
175,0.8824281096458435,0.913281261920929,0.7480565905570984,0.7762067317962646
176,0.8818517923355103,0.9131404161453247,0.7478683590888977,0.7762783765792847
177,0.8812587857246399,0.9129971861839294,0.747680127620697,0.7763665318489075
178,0.8806741237640381,0.9128917455673218,0.7475573420524597,0.7763224244117737
179,0.8800914287567139,0.9127748012542725,0.7474497556686401,0.7762065529823303
180,0.8795154690742493,0.912524938583374,0.7472236752510071,0.77616286277771
181,0.8789390921592712,0.9121828079223633,0.746996283531189,0.7761401534080505
182,0.8783331513404846,0.9121316075325012,0.7468717098236084,0.77613765001297
183,0.8777579665184021,0.9121453762054443,0.7467728853225708,0.7761147618293762
184,0.8771902322769165,0.9118282794952393,0.7465521097183228,0.7760717272758484
185,0.8765943050384521,0.9115418791770935,0.7463280558586121,0.7761085033416748
186,0.8760043382644653,0.9115675091743469,0.7461944818496704,0.7761520743370056
187,0.875434935092926,0.9113462567329407,0.7460703253746033,0.7760075926780701
188,0.8748363256454468,0.9111400842666626,0.745849609375,0.7760807275772095
189,0.8742701411247253,0.9109747409820557,0.7456451654434204,0.7761865258216858
190,0.873681902885437,0.9108691811561584,0.745508074760437,0.7761638760566711
191,0.8730888366699219,0.910715639591217,0.7453845739364624,0.7760623097419739
192,0.8725087642669678,0.9106615781784058,0.7452071905136108,0.7762187123298645
193,0.8719547390937805,0.9104764461517334,0.745116651058197,0.7761227488517761
194,0.8713482022285461,0.9102209806442261,0.7448780536651611,0.7762340307235718
195,0.8707659244537354,0.9102364182472229,0.7447850108146667,0.7762368321418762
196,0.8701953887939453,0.9098926782608032,0.7446222305297852,0.7761930823326111
197,0.8696075677871704,0.9097802639007568,0.7445108890533447,0.776144802570343
198,0.8690515756607056,0.9097041487693787,0.7442872524261475,0.7763501405715942
199,0.86847323179245,0.9095028042793274,0.7441961765289307,0.7762335538864136
200,0.8678992390632629,0.9094250202178955,0.7440845370292664,0.7762073874473572
201,0.8673281073570251,0.909404456615448,0.7438835501670837,0.7763857245445251
202,0.8667784929275513,0.9092057347297668,0.7437896132469177,0.7762824892997742
203,0.8662086725234985,0.908903956413269,0.7435836791992188,0.7763360142707825
204,0.8656288385391235,0.9087527990341187,0.7434459924697876,0.7762585282325745
205,0.8650873899459839,0.9084314703941345,0.7432749271392822,0.7762603759765625
206,0.864511251449585,0.9083350300788879,0.7431746125221252,0.776195228099823
207,0.8639530539512634,0.9084645509719849,0.7430608868598938,0.7762981057167053
208,0.8634012341499329,0.9081376791000366,0.7428150773048401,0.7764075398445129
209,0.8628342151641846,0.9080898761749268,0.7427205443382263,0.776343584060669
210,0.8622713685035706,0.9079046249389648,0.7425282597541809,0.7764348387718201
211,0.8617075085639954,0.9080047607421875,0.7424004673957825,0.7765023112297058
212,0.8611655831336975,0.9077430367469788,0.7423136234283447,0.7763379216194153
213,0.860602080821991,0.9075231552124023,0.7420727014541626,0.7765293121337891
214,0.8600271344184875,0.9076274037361145,0.741940438747406,0.7765917181968689
215,0.8594895601272583,0.9072398543357849,0.7417728900909424,0.7765185236930847
216,0.8589290380477905,0.9072555303573608,0.7416673302650452,0.7765262126922607
217,0.858363687992096,0.9072080850601196,0.7415233254432678,0.77653568983078
218,0.8578187227249146,0.9070245027542114,0.7413014769554138,0.7766686081886292
219,0.8572624325752258,0.9068036675453186,0.741178572177887,0.7765586376190186
220,0.8567102551460266,0.9066888689994812,0.7410669326782227,0.7764979600906372
221,0.8561425805091858,0.9066326022148132,0.7408609986305237,0.7766674160957336
222,0.8555943965911865,0.9066784381866455,0.7407324314117432,0.7766843438148499
223,0.8550556302070618,0.906425416469574,0.7406254410743713,0.7765561938285828
224,0.8544996976852417,0.9061139225959778,0.7403790950775146,0.7766754627227783
225,0.8539369106292725,0.9061338305473328,0.7402375340461731,0.7767100930213928
226,0.8534048199653625,0.9058067798614502,0.7400335669517517,0.7767413854598999
227,0.8528544306755066,0.9058209657669067,0.739907443523407,0.7767505645751953
228,0.8523027896881104,0.9053652882575989,0.7398316860198975,0.77644944190979
229,0.8517635464668274,0.905411422252655,0.7396717071533203,0.7765009999275208
230,0.851213812828064,0.9050523042678833,0.7393603920936584,0.7766866087913513
231,0.8506734371185303,0.9050502181053162,0.7392223477363586,0.7766882181167603
232,0.8501365780830383,0.9047346115112305,0.7390679121017456,0.7767063975334167
233,0.8495731353759766,0.904738187789917,0.7389309406280518,0.7766709923744202
234,0.8490247130393982,0.9046043157577515,0.7387634515762329,0.7766691446304321
235,0.8484969735145569,0.9046164155006409,0.7386125326156616,0.776717483997345
236,0.8479622006416321,0.904186487197876,0.738415002822876,0.7767279744148254
237,0.8474009037017822,0.9042803645133972,0.7382602691650391,0.7768108248710632
238,0.8468773365020752,0.9038540124893188,0.7380455732345581,0.7767369747161865
239,0.8463277220726013,0.9038587212562561,0.7378895878791809,0.7767729163169861
240,0.8457754254341125,0.9036537408828735,0.7377723455429077,0.7766267657279968
241,0.8452323079109192,0.9037458896636963,0.7376080751419067,0.7767343521118164
242,0.8447312116622925,0.9034885168075562,0.737389862537384,0.7769037485122681
243,0.8441770672798157,0.9032294154167175,0.7372561097145081,0.7767241597175598
244,0.8436412811279297,0.9031131863594055,0.7371141910552979,0.7766233682632446
245,0.8431046605110168,0.9028414487838745,0.7368571758270264,0.7767328023910522
246,0.8425595164299011,0.9028221368789673,0.7367233633995056,0.7767357230186462
247,0.8420237302780151,0.9025855660438538,0.7365679144859314,0.776620090007782
248,0.841485321521759,0.9024633765220642,0.7364413142204285,0.7765254974365234
249,0.840982973575592,0.902187705039978,0.7361237406730652,0.7768062353134155
250,0.8404442071914673,0.9019466042518616,0.7360826730728149,0.7765427827835083
251,0.8399209380149841,0.9015990495681763,0.7359291911125183,0.7762874364852905
252,0.8393918871879578,0.9012585282325745,0.7356361746788025,0.7763989567756653
253,0.8388521075248718,0.9012664556503296,0.7354487776756287,0.7764762043952942
254,0.8383139967918396,0.9009894132614136,0.73533034324646,0.7762688994407654
255,0.8377732634544373,0.9010373950004578,0.735152006149292,0.7763248085975647
256,0.8372699618339539,0.9010859131813049,0.7349933981895447,0.7764409780502319
257,0.8367392420768738,0.9005716443061829,0.734696090221405,0.776456892490387
258,0.8362289667129517,0.9003472924232483,0.7346497774124146,0.7762537598609924
259,0.835711658000946,0.9000651240348816,0.7343664765357971,0.7763935327529907
260,0.8351688981056213,0.8999665975570679,0.7342215180397034,0.7762743830680847
261,0.8346465826034546,0.8999640941619873,0.7340589165687561,0.7762658596038818
262,0.8341237902641296,0.8997258543968201,0.7338694334030151,0.7762155532836914
263,0.8336091637611389,0.8994651436805725,0.7338109612464905,0.7759897708892822
264,0.8330938816070557,0.8992722630500793,0.7336106896400452,0.7759585976600647
265,0.8325558304786682,0.8991420269012451,0.7332474589347839,0.7763187885284424
266,0.8320204615592957,0.8990707993507385,0.733096718788147,0.7762238383293152
267,0.8315089344978333,0.8985674381256104,0.7328119277954102,0.7762370705604553
268,0.8309701085090637,0.8983913660049438,0.7327409982681274,0.7760655283927917
269,0.8304519653320312,0.897926926612854,0.7325616478919983,0.7757788300514221
270,0.8299243450164795,0.8977546095848083,0.7323707342147827,0.7757218480110168
271,0.8293961882591248,0.8977689146995544,0.7321802973747253,0.7757648229598999
272,0.8288896679878235,0.8974834680557251,0.7320058345794678,0.7756325602531433
273,0.8283997774124146,0.8973312973976135,0.7319360375404358,0.7754945158958435
274,0.8278818726539612,0.8970373868942261,0.7315808534622192,0.7757365107536316
275,0.827379047870636,0.896777868270874,0.7314184904098511,0.775567352771759
276,0.8268672227859497,0.8966189026832581,0.7311192750930786,0.7757740616798401
277,0.8263445496559143,0.8965557813644409,0.730972170829773,0.7756685018539429
278,0.8258570432662964,0.8960380554199219,0.730891764163971,0.7753020524978638
279,0.8253324627876282,0.8961238861083984,0.7306678891181946,0.7754460573196411
280,0.8248214721679688,0.895919680595398,0.7305028438568115,0.7753021717071533
281,0.824332058429718,0.8957768082618713,0.7303759455680847,0.7752348780632019
282,0.8238155245780945,0.8955281972885132,0.7301700711250305,0.7751510739326477
283,0.8233250975608826,0.8955366015434265,0.7299860119819641,0.775187075138092
284,0.8228430151939392,0.8946381211280823,0.7296337485313416,0.7750602960586548
285,0.8223490118980408,0.8944126963615417,0.7295688986778259,0.774848997592926
286,0.8218497037887573,0.8942853212356567,0.7292481660842896,0.7750826478004456
287,0.8213387727737427,0.8940680623054504,0.7290907502174377,0.7749102711677551
288,0.8208378553390503,0.893831193447113,0.7289048433303833,0.7748010754585266
289,0.82032710313797,0.8937627077102661,0.7287164926528931,0.77476966381073
290,0.8198450207710266,0.893684983253479,0.7285957336425781,0.7747222185134888
291,0.8193385004997253,0.8932754993438721,0.7283968329429626,0.7745313048362732
292,0.8188396692276001,0.8932780027389526,0.7281786203384399,0.7745887041091919
293,0.8183496594429016,0.8929802775382996,0.7279863953590393,0.7744457721710205
294,0.8178678154945374,0.8928890228271484,0.7278457880020142,0.7744132876396179
295,0.8173778653144836,0.8923256993293762,0.7274810075759888,0.7745115160942078
296,0.8168984055519104,0.8919221758842468,0.7272989749908447,0.774243950843811
297,0.8164275288581848,0.8915833830833435,0.727072536945343,0.7742713689804077
298,0.8159361481666565,0.8912097811698914,0.7269031405448914,0.7740535140037537
299,0.8154398202896118,0.891122579574585,0.7267104387283325,0.7739980816841125
300,0.814956784248352,0.8910725116729736,0.726519763469696,0.7739860415458679
301,0.8144693374633789,0.8907799124717712,0.726392388343811,0.7738075256347656
302,0.8139836192131042,0.8904895186424255,0.7261781692504883,0.7736956477165222
303,0.813494861125946,0.8902968168258667,0.7259721159934998,0.7736082673072815
304,0.8130236268043518,0.8903138637542725,0.7257561087608337,0.773685097694397
305,0.8125447034835815,0.8898318409919739,0.7256129384040833,0.7734518647193909
306,0.8120614886283875,0.8898081183433533,0.7254042029380798,0.7734609246253967
307,0.8116000294685364,0.8894492983818054,0.7251546382904053,0.7733337879180908
308,0.811137318611145,0.8888893127441406,0.7248680591583252,0.7733758687973022
309,0.8106563091278076,0.8887794017791748,0.7246838808059692,0.7732858657836914
310,0.8101917505264282,0.8882696032524109,0.7243969440460205,0.7732349634170532
311,0.8097201585769653,0.8882291316986084,0.7241668701171875,0.7732875943183899
312,0.8092549443244934,0.8880136013031006,0.724086344242096,0.773044228553772
313,0.8087698221206665,0.887488603591919,0.7238758206367493,0.7727594971656799
314,0.8082907795906067,0.8874563574790955,0.7236757874488831,0.77276211977005
315,0.8078329563140869,0.8874632716178894,0.7234494686126709,0.772838830947876
316,0.8073821663856506,0.88673996925354,0.7233235836029053,0.7723661065101624
317,0.8069103956222534,0.8866825103759766,0.7231096029281616,0.7723496556282043
318,0.8064493536949158,0.8864548206329346,0.7228578925132751,0.7723392844200134
319,0.8059788346290588,0.8863793611526489,0.7226614356040955,0.7722975611686707
320,0.805525004863739,0.8861852884292603,0.7225096821784973,0.7722141146659851
321,0.805069625377655,0.8857345581054688,0.7222810387611389,0.7720357775688171
322,0.8045904040336609,0.8856622576713562,0.7220504879951477,0.7720248699188232
323,0.8041356205940247,0.885604977607727,0.7218332290649414,0.7720390558242798
324,0.8037160038948059,0.8852064609527588,0.7215189337730408,0.7722770571708679
325,0.8032577633857727,0.8843054175376892,0.7212547659873962,0.771919310092926
326,0.8027927279472351,0.8841649889945984,0.7211216688156128,0.7717791199684143
327,0.8023447394371033,0.8838575482368469,0.720963180065155,0.7716334462165833
328,0.8018876910209656,0.8835008144378662,0.720953106880188,0.7713390588760376
329,0.8014343976974487,0.8834571838378906,0.720722496509552,0.7713474631309509
330,0.800990104675293,0.8831152319908142,0.7205698490142822,0.7712469696998596
331,0.8005246520042419,0.8829349875450134,0.7204259037971497,0.7710767984390259
332,0.8000915050506592,0.8824856877326965,0.7202774286270142,0.770830512046814
333,0.799633800983429,0.8824214935302734,0.7201631665229797,0.770837128162384
334,0.7991904616355896,0.8823148608207703,0.7199921011924744,0.7707957625389099
335,0.7987506985664368,0.8820030689239502,0.719796895980835,0.7706964015960693
336,0.79829341173172,0.8819484710693359,0.7195743322372437,0.7707085013389587
337,0.7978437542915344,0.8814898729324341,0.7195422649383545,0.7704530954360962
338,0.7974178194999695,0.8814051151275635,0.7193412780761719,0.7704309821128845
339,0.7969809174537659,0.8805652856826782,0.7192656993865967,0.7699955105781555
340,0.7965437173843384,0.8806617856025696,0.718977689743042,0.770193874835968
341,0.7961027026176453,0.880431592464447,0.71892249584198,0.7700440883636475
342,0.795663058757782,0.8801670074462891,0.7187603116035461,0.7698642611503601
343,0.7952443361282349,0.8797198534011841,0.7182235717773438,0.7704275846481323
344,0.7947788834571838,0.879501223564148,0.7180928587913513,0.7702077627182007
345,0.794369101524353,0.8791386485099792,0.7179848551750183,0.7699258327484131
346,0.7939550280570984,0.8785927295684814,0.7180038690567017,0.7696698307991028
347,0.7935152649879456,0.8783890008926392,0.7179044485092163,0.7696059942245483
348,0.7930900454521179,0.877848744392395,0.7177812457084656,0.7693843245506287
349,0.7926434874534607,0.8779109716415405,0.7174932956695557,0.7696141004562378
350,0.7922294735908508,0.8773719072341919,0.7174975275993347,0.7694317698478699
351,0.7918148636817932,0.8774024248123169,0.7172737121582031,0.7696072459220886
352,0.7913807034492493,0.8768287897109985,0.717141330242157,0.769347071647644
353,0.7909659147262573,0.8768202662467957,0.716912567615509,0.7695086598396301
354,0.790540337562561,0.8765585422515869,0.7167975306510925,0.7694343328475952
355,0.7901211977005005,0.8764036893844604,0.7166993618011475,0.7694531083106995
356,0.7896797060966492,0.876294732093811,0.7164419889450073,0.7695836424827576
357,0.7892822027206421,0.8757736086845398,0.7163117527961731,0.7693777084350586
358,0.7888890504837036,0.8754613995552063,0.716167688369751,0.7693711519241333
359,0.7884593605995178,0.8752200603485107,0.715951681137085,0.7693374752998352
360,0.7880410552024841,0.8747022151947021,0.7159127593040466,0.7691625952720642
361,0.7876284122467041,0.8746824264526367,0.7157084941864014,0.769275963306427
362,0.7872193455696106,0.8745943307876587,0.7154973149299622,0.7693370580673218
363,0.7868082523345947,0.8741682171821594,0.7153279781341553,0.769224226474762
364,0.7864183783531189,0.8736467361450195,0.715160071849823,0.7691391706466675
365,0.7860089540481567,0.8735751509666443,0.7149882912635803,0.7692164182662964
366,0.7855721712112427,0.8734877705574036,0.7147848010063171,0.7692486047744751
367,0.7852025628089905,0.8729833960533142,0.7143856287002563,0.7693262696266174
368,0.7848065495491028,0.8723140954971313,0.7143824100494385,0.7689622640609741
369,0.7844172120094299,0.8719346523284912,0.7144137024879456,0.7687903642654419
370,0.7839915156364441,0.8717000484466553,0.7141767144203186,0.7688249349594116
371,0.7836061120033264,0.8716148734092712,0.7139854431152344,0.7688456773757935
372,0.7832275629043579,0.8712438344955444,0.7138592004776001,0.7688058018684387
373,0.7828344106674194,0.8707095384597778,0.7137271761894226,0.7686196565628052
374,0.7824509143829346,0.8705305457115173,0.713642954826355,0.7686145305633545
375,0.7820386290550232,0.8704625368118286,0.7134632468223572,0.7686882615089417
376,0.7816373109817505,0.8704888820648193,0.7132022976875305,0.7689364552497864
377,0.7812697887420654,0.8699136972427368,0.7130993008613586,0.768725574016571
378,0.7809027433395386,0.8697419762611389,0.7129188776016235,0.7687990665435791
379,0.7804872393608093,0.869380533695221,0.7128742933273315,0.7686201930046082
380,0.7800872325897217,0.8694440126419067,0.7126036882400513,0.7688902616500854
381,0.7797207236289978,0.8692782521247864,0.7124361395835876,0.7689224481582642
382,0.7793664932250977,0.868521511554718,0.7123415470123291,0.7686465382575989
383,0.7789492011070251,0.867919385433197,0.7121800184249878,0.7684612274169922
384,0.7785829901695251,0.8677679300308228,0.7121089696884155,0.7684240937232971
385,0.7781992554664612,0.8678485155105591,0.7118554711341858,0.7686887383460999
386,0.7778282165527344,0.8672747015953064,0.7117089033126831,0.7685127854347229
387,0.777461051940918,0.8671647310256958,0.7114992737770081,0.7686389088630676
388,0.7770519852638245,0.8670694231987,0.7112941145896912,0.7687274813652039
389,0.7766539454460144,0.8667002320289612,0.7110939025878906,0.7686909437179565
390,0.7763223052024841,0.8660242557525635,0.7110564112663269,0.7683600187301636
391,0.775900661945343,0.8658393621444702,0.7108155488967896,0.7684634327888489
392,0.7754855751991272,0.8654945492744446,0.7106310725212097,0.7684139609336853
393,0.7751103639602661,0.8654393553733826,0.710403561592102,0.7685719728469849
394,0.7747742533683777,0.8643375635147095,0.7102795839309692,0.7680929899215698
395,0.7743614912033081,0.8634338974952698,0.710148274898529,0.7677637338638306
396,0.7737634778022766,0.8630076050758362,0.7099530696868896,0.7676255702972412
397,0.7731537222862244,0.862805187702179,0.7096258997917175,0.7677462100982666
398,0.7726060152053833,0.8617427945137024,0.7094773650169373,0.7672532200813293
399,0.7720156908035278,0.8614004850387573,0.7093285918235779,0.7671011090278625
400,0.7715639472007751,0.861309289932251,0.709033727645874,0.7672634720802307
401,0.7712018489837646,0.8613051772117615,0.708757221698761,0.7674877047538757
402,0.7707871794700623,0.8604274988174438,0.7086950540542603,0.7670263648033142
403,0.7703390717506409,0.8602840900421143,0.7083759307861328,0.7672023773193359
404,0.769978940486908,0.8600620627403259,0.7083587646484375,0.7670391201972961
405,0.7695832848548889,0.8594624400138855,0.7081663608551025,0.7668682932853699
406,0.7691696882247925,0.8587412238121033,0.707977831363678,0.7666323781013489
407,0.7687431573867798,0.8588130474090576,0.7076770067214966,0.7668724656105042
408,0.7684680819511414,0.8583098649978638,0.7075428366661072,0.7667306065559387
409,0.7680933475494385,0.8583489060401917,0.7073894143104553,0.7668496370315552
410,0.7676958441734314,0.8584532141685486,0.7071955800056458,0.766988217830658
411,0.7674080729484558,0.8582226037979126,0.7069886922836304,0.7670509219169617
412,0.7670533061027527,0.8579322099685669,0.7068563103675842,0.7669476270675659
413,0.7666510939598083,0.8581640720367432,0.7065754532814026,0.7672684788703918
414,0.7663835883140564,0.8578773140907288,0.7066036462783813,0.7670677304267883
415,0.7660208940505981,0.8571872711181641,0.7064970135688782,0.7667453289031982
416,0.7656500339508057,0.8568624258041382,0.7060984373092651,0.766921877861023
417,0.7653440833091736,0.8565598130226135,0.7059924006462097,0.7668142914772034
418,0.765022337436676,0.8558599948883057,0.7059085965156555,0.7664922475814819
419,0.7646265625953674,0.8558738827705383,0.7058101892471313,0.7665094137191772
420,0.7643125653266907,0.8561118245124817,0.7055895328521729,0.7667816281318665
421,0.7639815211296082,0.8552820086479187,0.7055041193962097,0.766381025314331
422,0.7635989785194397,0.8556197285652161,0.7051659226417542,0.7668057084083557
423,0.76328444480896,0.8556280136108398,0.7050447463989258,0.7668554186820984
424,0.7629762887954712,0.8544698357582092,0.7048753499984741,0.7663642168045044
425,0.7626157999038696,0.854668378829956,0.7046787142753601,0.7665923237800598
426,0.7622612714767456,0.8544979095458984,0.7045446038246155,0.7665865421295166
427,0.7619871497154236,0.8534203767776489,0.7044878602027893,0.7660753130912781
428,0.7615963220596313,0.8535381555557251,0.7042938470840454,0.7662232518196106
429,0.7612869143486023,0.8533610701560974,0.7042232155799866,0.7661653161048889
430,0.7609919905662537,0.8525998592376709,0.7041717171669006,0.7657607197761536
431,0.7605844140052795,0.852972149848938,0.7037994861602783,0.7662346363067627
432,0.7603365778923035,0.8531522750854492,0.7036149501800537,0.7664433121681213
433,0.7599778771400452,0.8524673581123352,0.7035195231437683,0.7661024928092957
434,0.7596471309661865,0.852847158908844,0.7031848430633545,0.7665581107139587
435,0.7593735456466675,0.8527303338050842,0.7032856345176697,0.7663268446922302
436,0.7590310573577881,0.852089524269104,0.7031269669532776,0.7660879492759705
437,0.7586756348609924,0.8521343469619751,0.7028789520263672,0.7662636637687683
438,0.7584372162818909,0.8513914942741394,0.7027937173843384,0.7659463882446289
439,0.7581101059913635,0.851333737373352,0.7025712132453918,0.7660463452339172
440,0.7577460408210754,0.8511103391647339,0.702545702457428,0.7658758759498596
441,0.7575370073318481,0.8506231904029846,0.702372133731842,0.765758216381073
442,0.7571505308151245,0.850570023059845,0.7020274996757507,0.7659421563148499
443,0.7568451762199402,0.8507946133613586,0.7017953395843506,0.7662451267242432
444,0.7565945982933044,0.8500444889068604,0.7017902135848999,0.7657917737960815
445,0.7562205195426941,0.8503542542457581,0.7015600204467773,0.766082227230072
446,0.7560093998908997,0.8504871129989624,0.701416552066803,0.7662674188613892
447,0.7556493878364563,0.8497322797775269,0.7013780474662781,0.7658170461654663
448,0.7553244233131409,0.8501399755477905,0.7010520696640015,0.7662785649299622
449,0.7551146745681763,0.8493942022323608,0.7009777426719666,0.7659050226211548
450,0.7547476291656494,0.8490146398544312,0.7007573843002319,0.7658689618110657
451,0.754496693611145,0.8488733172416687,0.700539231300354,0.7659042477607727
452,0.7542101144790649,0.8479614853858948,0.7005661725997925,0.7653703093528748
453,0.7538508176803589,0.8479962944984436,0.7003243565559387,0.7655515670776367
454,0.7536328434944153,0.8480509519577026,0.7002039551734924,0.7656770348548889
455,0.7533090710639954,0.8477300405502319,0.6998871564865112,0.7657154202461243
456,0.7529916763305664,0.8479576110839844,0.6997451186180115,0.7658937573432922
457,0.752776563167572,0.8472539782524109,0.6998781561851501,0.7653432488441467
458,0.7524145841598511,0.847533106803894,0.6995208859443665,0.7657149434089661
459,0.7521735429763794,0.8477402925491333,0.6993323564529419,0.76596999168396
460,0.7518709897994995,0.8469694256782532,0.6993116736412048,0.7654967904090881
461,0.7515328526496887,0.8471739292144775,0.6990164518356323,0.7658112645149231
462,0.7513716816902161,0.8459575176239014,0.6992858648300171,0.7648863196372986
463,0.7510137557983398,0.8461328744888306,0.6986285448074341,0.7655059695243835
464,0.7507986426353455,0.8462885022163391,0.6984840631484985,0.7656813859939575
465,0.7504803538322449,0.8452632427215576,0.6984818577766418,0.7650951147079468
466,0.7501840591430664,0.8456916809082031,0.6982022523880005,0.7655267119407654
467,0.7499746680259705,0.8452146053314209,0.6981047987937927,0.7652903199195862
468,0.7496264576911926,0.8451916575431824,0.6980388164520264,0.7652429342269897
469,0.7493934035301208,0.8454186916351318,0.6978924870491028,0.7654337286949158
470,0.7491046786308289,0.8447415232658386,0.6977946162223816,0.7651062607765198
471,0.7488089799880981,0.8452807068824768,0.6974204182624817,0.765638530254364
472,0.7486048936843872,0.8447877764701843,0.6972846388816833,0.7654613256454468
473,0.7482654452323914,0.8444560766220093,0.6969188451766968,0.7655152082443237
474,0.7480858564376831,0.8437641263008118,0.6971091032028198,0.7649837732315063
475,0.7477777600288391,0.8431811928749084,0.696963369846344,0.7647101283073425
476,0.7474828362464905,0.8435993790626526,0.6966841220855713,0.7651428580284119
477,0.7472732067108154,0.842894434928894,0.6967065334320068,0.764674961566925
478,0.7469491362571716,0.8430082201957703,0.6963302493095398,0.7650318741798401
479,0.7467716336250305,0.8426387906074524,0.6962398886680603,0.7648479342460632
480,0.7464120984077454,0.8426457643508911,0.6961850523948669,0.7647940516471863
481,0.7462331056594849,0.8427389860153198,0.6960988640785217,0.764883279800415
482,0.7459099888801575,0.8424364328384399,0.6957784295082092,0.7649120092391968
483,0.7456785440444946,0.8424087166786194,0.6954966187477112,0.7650845050811768
484,0.7454206347465515,0.8416642546653748,0.6954975128173828,0.7646402716636658
485,0.7451611757278442,0.8422746062278748,0.6950933933258057,0.7652395963668823
486,0.7449531555175781,0.8409217596054077,0.6953431367874146,0.7642653584480286
487,0.7446206212043762,0.8409243226051331,0.6951939463615417,0.7643105983734131
488,0.7444347739219666,0.8413875699043274,0.6948000192642212,0.7648705840110779
489,0.7441356778144836,0.8408343195915222,0.6947800517082214,0.7644951939582825
490,0.7438930869102478,0.8410434126853943,0.6945676207542419,0.7647653818130493
491,0.7436789274215698,0.8403778076171875,0.694366455078125,0.764496922492981
492,0.7433977723121643,0.8405112624168396,0.6943055391311646,0.7645449042320251
493,0.7431824803352356,0.8394319415092468,0.6941173672676086,0.764046311378479
494,0.7428696751594543,0.8398604989051819,0.6938849687576294,0.7644428610801697
495,0.7426984310150146,0.8395404815673828,0.6937459111213684,0.7643184661865234
496,0.7423534393310547,0.8395421504974365,0.6935871243476868,0.7644025087356567
497,0.7422436475753784,0.8393770456314087,0.6933565139770508,0.7644479274749756
498,0.741888701915741,0.8388770818710327,0.6934308409690857,0.764030396938324
499,0.7417230010032654,0.8386015295982361,0.6934006214141846,0.7638856768608093
500,0.7414138913154602,0.8383351564407349,0.6931817531585693,0.7638471126556396
501,0.7412208914756775,0.8386132121086121,0.6927219033241272,0.7643254995346069
502,0.7409600019454956,0.8378649353981018,0.6927388310432434,0.7638540267944336
503,0.7407594919204712,0.8378565311431885,0.6926389932632446,0.7638498544692993
504,0.7404831051826477,0.8374025821685791,0.6925269961357117,0.7636213302612305
505,0.7402322888374329,0.8377693295478821,0.6923449039459229,0.7639012932777405
506,0.7400256395339966,0.8372432589530945,0.6921595335006714,0.7637298107147217
507,0.7397326231002808,0.8376071453094482,0.691986083984375,0.7639824151992798
508,0.7395737767219543,0.8375663161277771,0.6916473507881165,0.7642065286636353
509,0.7392813563346863,0.8372786641120911,0.6918449997901917,0.7637549042701721
510,0.7391043901443481,0.8364297151565552,0.6917632818222046,0.7633596062660217
511,0.7387954592704773,0.8367065787315369,0.691548228263855,0.7635871171951294
512,0.7386577725410461,0.8359776139259338,0.6910699605941772,0.7635780572891235
513,0.7383543848991394,0.8359025120735168,0.6910549998283386,0.763473391532898
514,0.7382069826126099,0.8357873558998108,0.6908054947853088,0.7635648846626282
515,0.73786461353302,0.8357387185096741,0.6908777952194214,0.763352632522583
516,0.737749457359314,0.8349485993385315,0.6909219026565552,0.762851893901825
517,0.7374122738838196,0.8353756666183472,0.6904789209365845,0.7633932828903198
518,0.737308144569397,0.8348028659820557,0.6903403997421265,0.7631248831748962
519,0.736974835395813,0.8352384567260742,0.6899069547653198,0.7636677622795105
520,0.736818253993988,0.834732711315155,0.6899958848953247,0.7632470726966858
521,0.736536979675293,0.8340586423873901,0.6901644468307495,0.7627007365226746
522,0.7363609671592712,0.8346136808395386,0.6898190975189209,0.7632123231887817
523,0.7361211180686951,0.8338598012924194,0.6897771954536438,0.7628083825111389
524,0.7359297275543213,0.8344892859458923,0.689360499382019,0.7634034752845764
525,0.7356427907943726,0.8337792754173279,0.6894155740737915,0.7629063725471497
526,0.7354499101638794,0.8341298699378967,0.6892163753509521,0.7632051706314087
527,0.7352030873298645,0.8337312936782837,0.689198911190033,0.7628232836723328
528,0.7350823879241943,0.8333588242530823,0.6888889074325562,0.7628656029701233
529,0.7347913384437561,0.8330749273300171,0.6885822415351868,0.7628837823867798
530,0.7345999479293823,0.8325738906860352,0.6886003017425537,0.7625848054885864
531,0.7342966794967651,0.8328239321708679,0.6884488463401794,0.7627467513084412
532,0.7341991662979126,0.8326407074928284,0.688258171081543,0.7627854943275452
533,0.7339351773262024,0.8322601914405823,0.6882351636886597,0.762464702129364
534,0.7337840795516968,0.8318006992340088,0.6879990696907043,0.7623698115348816
535,0.7334621548652649,0.8315677046775818,0.6879348158836365,0.7622469663619995
536,0.7333145141601562,0.8314072489738464,0.6878842115402222,0.762112557888031
537,0.7330970168113708,0.8318812251091003,0.6874502897262573,0.7627013921737671
538,0.7328983545303345,0.8316134810447693,0.6873448491096497,0.7625444531440735
539,0.7326673269271851,0.8310546278953552,0.687512993812561,0.7620636820793152
540,0.732429563999176,0.8309544324874878,0.6873749494552612,0.7619960308074951
541,0.7322583794593811,0.83146071434021,0.6870156526565552,0.7625094056129456
542,0.7320471405982971,0.831167995929718,0.6867736577987671,0.7624456882476807
543,0.7318392395973206,0.831335723400116,0.6867088675498962,0.7625534534454346
544,0.7316023111343384,0.8302736282348633,0.6867281794548035,0.7619310021400452
545,0.7314298152923584,0.8301485180854797,0.6865372061729431,0.7619016170501709
546,0.7312532067298889,0.8301493525505066,0.6862182021141052,0.7620993852615356
547,0.7310400605201721,0.8301613330841064,0.6860696077346802,0.7621814608573914
548,0.7307759523391724,0.8295480608940125,0.6861058473587036,0.761747419834137
549,0.7306132912635803,0.8290888071060181,0.6858929395675659,0.7616204023361206
550,0.7304185032844543,0.8295250535011292,0.6856357455253601,0.7619925737380981
551,0.7302645444869995,0.8290398120880127,0.685577929019928,0.7616767883300781
552,0.7299593687057495,0.8290636539459229,0.6855338215827942,0.7616510987281799
553,0.7297850847244263,0.8289347290992737,0.6854885220527649,0.7615957260131836
554,0.7296098470687866,0.8286214470863342,0.6853866577148438,0.7615537047386169
555,0.7294149994850159,0.8288012742996216,0.6850960850715637,0.76180499792099
556,0.7292147278785706,0.8287551403045654,0.6851407885551453,0.7618369460105896
557,0.7289384603500366,0.8281974196434021,0.6851119995117188,0.7612037062644958
558,0.7288543581962585,0.8286026120185852,0.6848812699317932,0.7616891264915466
559,0.728607177734375,0.8283804655075073,0.6846917867660522,0.7616727948188782
560,0.7284424304962158,0.8276818990707397,0.6845199465751648,0.7613886594772339
561,0.7281590700149536,0.8278764486312866,0.6845148801803589,0.7615855932235718
562,0.7280610203742981,0.8271132111549377,0.6846271753311157,0.7610266804695129
563,0.7278782725334167,0.8275484442710876,0.6840194463729858,0.7615691423416138
564,0.7276249527931213,0.827031135559082,0.6841855645179749,0.7611377239227295
565,0.7274174094200134,0.8266169428825378,0.6841984987258911,0.7609294056892395
566,0.7272356152534485,0.8263435959815979,0.6841945648193359,0.7607448101043701
567,0.7271185517311096,0.8271258473396301,0.6838066577911377,0.7615278959274292
568,0.7268514633178711,0.8261299133300781,0.6839175820350647,0.7606083750724792
569,0.7266395688056946,0.8260157704353333,0.6839005947113037,0.760572612285614
570,0.7264769077301025,0.8263429403305054,0.683803141117096,0.760830283164978
571,0.7263048887252808,0.826845109462738,0.6833426356315613,0.7615141272544861
572,0.7260811924934387,0.8262083530426025,0.6834285855293274,0.7610156536102295
573,0.7258434295654297,0.8255470395088196,0.6831899881362915,0.7608171105384827
574,0.7258306741714478,0.8248692750930786,0.6834476590156555,0.7600955963134766
575,0.7255918979644775,0.8254664540290833,0.6827916502952576,0.7608739137649536
576,0.7253684401512146,0.824796736240387,0.682831883430481,0.7605817914009094
577,0.725115954875946,0.824815034866333,0.6828848719596863,0.7605195641517639
578,0.725019097328186,0.8249867558479309,0.6827099919319153,0.7607744932174683
579,0.7248280644416809,0.8249409794807434,0.6825752854347229,0.7608279585838318
580,0.7245689630508423,0.824133574962616,0.6827004551887512,0.759943425655365
581,0.7244122624397278,0.8241884708404541,0.6826633214950562,0.7600805759429932
582,0.7242660522460938,0.8249154686927795,0.6823301911354065,0.7607794404029846
583,0.7240859270095825,0.8242055773735046,0.6823478937149048,0.7603939771652222
584,0.723865807056427,0.824578046798706,0.6821282505989075,0.7607362866401672
585,0.7236931920051575,0.8232327103614807,0.6823137998580933,0.7597541809082031
586,0.7236183881759644,0.8233374953269958,0.6816534399986267,0.7601766586303711
587,0.7233222723007202,0.8234269022941589,0.6817298531532288,0.7601801753044128
588,0.723132312297821,0.8228719830513,0.6816684603691101,0.7598780393600464
589,0.7230172753334045,0.8228736519813538,0.6816715002059937,0.7599742412567139
590,0.7227784395217896,0.8231120705604553,0.6813652515411377,0.7602671384811401
591,0.7226390242576599,0.8228017687797546,0.6815474629402161,0.7598227858543396
592,0.7223987579345703,0.8224964737892151,0.6815431118011475,0.7595924139022827
593,0.7223667502403259,0.8225060701370239,0.6811977624893188,0.7598448991775513
594,0.7221197485923767,0.8222354054450989,0.6811187267303467,0.7597977519035339
595,0.7218335866928101,0.8218252658843994,0.6811834573745728,0.7594872117042542
596,0.7217872738838196,0.8220171332359314,0.6811903715133667,0.7596170902252197
597,0.7215861082077026,0.8221369385719299,0.6807941198348999,0.7597296237945557
598,0.721366822719574,0.8216476440429688,0.6805813908576965,0.7596085667610168
599,0.7211979031562805,0.8213664889335632,0.6806899309158325,0.7593628168106079
600,0.7210727334022522,0.8213081955909729,0.6803439259529114,0.7596397995948792
601,0.7209458947181702,0.8211876153945923,0.680202066898346,0.7595846056938171
602,0.7206655144691467,0.821038544178009,0.6803888082504272,0.7594649791717529
603,0.7205495238304138,0.8202553987503052,0.6804250478744507,0.758752703666687
604,0.7203922867774963,0.8206241726875305,0.6800216436386108,0.7592319846153259
605,0.7201436161994934,0.8201414346694946,0.6801535487174988,0.7588920593261719
606,0.7200039625167847,0.8199155926704407,0.680237352848053,0.7587538957595825
607,0.7199087142944336,0.8211326003074646,0.6795499324798584,0.7598634958267212
608,0.719668447971344,0.8198161721229553,0.6798781156539917,0.758684515953064
609,0.7195085287094116,0.8198068141937256,0.6795907616615295,0.7589695453643799
610,0.7193552851676941,0.8193161487579346,0.6794426441192627,0.7587139010429382
611,0.71918785572052,0.8194302320480347,0.679284393787384,0.7589510679244995
612,0.7189748287200928,0.8190919756889343,0.6793918609619141,0.7586967945098877
613,0.7188262939453125,0.8185371160507202,0.6794365048408508,0.7582883834838867
614,0.7187888026237488,0.8187745809555054,0.6790036559104919,0.7585187554359436
615,0.7184802889823914,0.8187909722328186,0.6791204810142517,0.7585211396217346
616,0.7182580232620239,0.8186566233634949,0.6791089177131653,0.7583538293838501
617,0.7182232737541199,0.8186899423599243,0.6790689826011658,0.758543848991394
618,0.7179712653160095,0.818854570388794,0.6787431240081787,0.7588010430335999
619,0.7177911996841431,0.8184031248092651,0.6788415908813477,0.7582190632820129
620,0.7177039980888367,0.8184385299682617,0.6785154938697815,0.7585335373878479
621,0.7175318598747253,0.8173075318336487,0.6781915426254272,0.7580777406692505
622,0.717410683631897,0.8172129392623901,0.678238034248352,0.7580087184906006
623,0.7171791791915894,0.8172376751899719,0.6784085631370544,0.7579715847969055
624,0.7170308828353882,0.8174272179603577,0.67808997631073,0.758056104183197
625,0.7168605923652649,0.8170823454856873,0.6782106757164001,0.7577752470970154
626,0.7166492342948914,0.8170163631439209,0.6782169342041016,0.7577524781227112
627,0.7164994478225708,0.8172599673271179,0.6779595613479614,0.7580657601356506
628,0.7164475917816162,0.8170088529586792,0.6779773831367493,0.7579573392868042
629,0.7161991596221924,0.8173888325691223,0.6778132319450378,0.7582229375839233
630,0.7160800695419312,0.8153452277183533,0.6775380373001099,0.7570649981498718
631,0.7159898281097412,0.8163385987281799,0.677166223526001,0.7579895853996277
632,0.7157201766967773,0.8154252767562866,0.6775118112564087,0.7571765184402466
633,0.7155541777610779,0.8154817223548889,0.6774833798408508,0.7572365403175354
634,0.7154613137245178,0.8163488507270813,0.6771695017814636,0.7580515146255493
635,0.7152354121208191,0.8151760101318359,0.6773792505264282,0.7568721175193787
636,0.7150527834892273,0.8153513073921204,0.6772767901420593,0.7570762038230896
637,0.7149965763092041,0.8162562251091003,0.6769200563430786,0.7579453587532043
638,0.7147693634033203,0.8151319026947021,0.6769158840179443,0.7571786046028137
639,0.714610755443573,0.814596951007843,0.6770802736282349,0.7567737698554993
640,0.7145730257034302,0.8148239254951477,0.6764118075370789,0.7573356628417969
641,0.7142999172210693,0.8146466016769409,0.6764422059059143,0.7570931315422058
642,0.7141258716583252,0.8140109777450562,0.6766812801361084,0.7565535306930542
643,0.7140792608261108,0.8147528171539307,0.6762893795967102,0.7572751641273499
644,0.7137993574142456,0.8145517706871033,0.6763079166412354,0.7571614384651184
645,0.7136749029159546,0.8137440085411072,0.6765319108963013,0.7562752366065979
646,0.7135943174362183,0.8137645721435547,0.6762290596961975,0.7565668225288391
647,0.713342010974884,0.8139800429344177,0.676085889339447,0.7568085789680481
648,0.7131965756416321,0.8134533762931824,0.6762266755104065,0.7563343644142151
649,0.7131613492965698,0.8138149976730347,0.6755421757698059,0.757140040397644
650,0.712925374507904,0.8134181499481201,0.6755797266960144,0.7566664814949036
651,0.7127441167831421,0.8124108910560608,0.6758345365524292,0.7558377385139465
652,0.7126456499099731,0.8132092952728271,0.67574143409729,0.7564859986305237
653,0.7124413251876831,0.8129766583442688,0.6754923462867737,0.756533682346344
654,0.7122731804847717,0.8123376369476318,0.6754435300827026,0.7560192942619324
655,0.712196946144104,0.8124425411224365,0.6755582690238953,0.7559585571289062
656,0.7119935154914856,0.8128929138183594,0.6752389073371887,0.756475567817688
657,0.7117975950241089,0.8122470378875732,0.6751599907875061,0.7560358643531799
658,0.7117380499839783,0.812408447265625,0.6749461889266968,0.7564415335655212
659,0.7115652561187744,0.8123611211776733,0.6746337413787842,0.7564736604690552
660,0.7113565802574158,0.8115460872650146,0.6749237179756165,0.7555596232414246
661,0.7112933993339539,0.8117609620094299,0.6748710870742798,0.7557933926582336
662,0.7111006379127502,0.8116437792778015,0.6746413707733154,0.7559049725532532
663,0.7108548879623413,0.8112137913703918,0.6747742891311646,0.7555751800537109
664,0.7107816934585571,0.8118483424186707,0.67464679479599,0.756027102470398
665,0.7106412053108215,0.8119968175888062,0.6744375228881836,0.7560358643531799
666,0.7104350924491882,0.8109735250473022,0.6744121313095093,0.7554891109466553
667,0.7104495763778687,0.8114158511161804,0.6739605069160461,0.7560633420944214
668,0.7102007269859314,0.8107677698135376,0.6739808320999146,0.755728006362915
669,0.7099555134773254,0.8103098273277283,0.6741563081741333,0.7553166747093201
670,0.7099306583404541,0.8100464344024658,0.6742038130760193,0.7549251317977905
671,0.709811806678772,0.8108460307121277,0.6736837029457092,0.7556647658348083
672,0.7095044255256653,0.8102908730506897,0.6739451289176941,0.7552154660224915
673,0.7094423174858093,0.8103832602500916,0.6737687587738037,0.755422055721283
674,0.709294855594635,0.8106107115745544,0.6734229922294617,0.7557872533798218
675,0.7091367840766907,0.8091892004013062,0.6733924150466919,0.7547985911369324
676,0.7090728282928467,0.8092670440673828,0.6732791662216187,0.7549354434013367
677,0.7088644504547119,0.8093248605728149,0.6732867956161499,0.7550323009490967
678,0.7086337804794312,0.8093432188034058,0.6732845306396484,0.7549566626548767
679,0.7085504531860352,0.8091512322425842,0.673284113407135,0.7548407316207886
680,0.7084361910820007,0.8096798658370972,0.6730326414108276,0.7551621794700623
681,0.708215057849884,0.8093405365943909,0.673078179359436,0.754916250705719
682,0.7080919146537781,0.8089315891265869,0.6728750467300415,0.754831075668335
683,0.7080091834068298,0.808609127998352,0.672563374042511,0.7549744844436646
684,0.707836389541626,0.8087624907493591,0.672541081905365,0.7549834847450256
685,0.7076742649078369,0.8078754544258118,0.6726036071777344,0.7540550231933594
686,0.7075167298316956,0.8078258633613586,0.6726140379905701,0.7541910409927368
687,0.7073707580566406,0.808509886264801,0.6725484728813171,0.7546820044517517
688,0.7071762084960938,0.8086017370223999,0.672227144241333,0.7548180818557739
689,0.7070395350456238,0.8081842064857483,0.6723818182945251,0.7544282078742981
690,0.707055389881134,0.8077351450920105,0.6721398830413818,0.7542577385902405
691,0.7068338990211487,0.8077882528305054,0.6717074513435364,0.754611074924469
692,0.7065765261650085,0.8068844079971313,0.6718817353248596,0.7538264989852905
693,0.7065705060958862,0.8073247075080872,0.6719077825546265,0.7542188763618469
694,0.7064369320869446,0.807944118976593,0.6716626882553101,0.7547609806060791
695,0.7061684727668762,0.8066690564155579,0.6718829870223999,0.7535192370414734
696,0.706106960773468,0.8068475723266602,0.6717482805252075,0.7537519335746765
697,0.7060192823410034,0.8068447709083557,0.6715046167373657,0.7541190981864929
698,0.7058328986167908,0.8069042563438416,0.6714069247245789,0.7540703415870667
699,0.705706775188446,0.8058186769485474,0.671173095703125,0.753279447555542
700,0.705597460269928,0.8064181208610535,0.6711657047271729,0.7537750005722046
701,0.7054170966148376,0.8064559698104858,0.67130047082901,0.7538194060325623
702,0.7052139043807983,0.806210458278656,0.671056866645813,0.7536836266517639
703,0.7051246166229248,0.8053542971611023,0.671221911907196,0.7529927492141724
704,0.7051247954368591,0.8063405156135559,0.6710631251335144,0.7537871599197388
705,0.7048826217651367,0.8060570359230042,0.6706904768943787,0.7537354826927185
706,0.7046793699264526,0.8048753142356873,0.6705798506736755,0.7530294060707092
707,0.7046789526939392,0.805645763874054,0.6704292297363281,0.7536543607711792
708,0.7044880390167236,0.8054910898208618,0.6706286072731018,0.7535733580589294
709,0.7042648196220398,0.804664671421051,0.6706973314285278,0.7526359558105469
710,0.7042181491851807,0.8041912913322449,0.6706076264381409,0.7523925304412842
711,0.7041099667549133,0.8056848049163818,0.6702167391777039,0.7536571621894836
712,0.7039275765419006,0.8045564889907837,0.6702537536621094,0.7530211806297302
713,0.7037964463233948,0.8041626214981079,0.669830322265625,0.7527455687522888
714,0.7036573886871338,0.8043131232261658,0.6700738072395325,0.7527205944061279
715,0.703560471534729,0.804652214050293,0.6701603531837463,0.7530538439750671
716,0.7033730745315552,0.8039410710334778,0.6697918176651001,0.752675473690033
717,0.703203022480011,0.8034682869911194,0.6699523329734802,0.7522535920143127
718,0.7031780481338501,0.8044072389602661,0.6698318123817444,0.752783477306366
719,0.7030170559883118,0.8038299679756165,0.669635534286499,0.7526856064796448
720,0.7027973532676697,0.8032675385475159,0.6693170070648193,0.7524259686470032
721,0.702751100063324,0.8039023876190186,0.6692158579826355,0.7528964281082153
722,0.7026107907295227,0.8032112121582031,0.6695021390914917,0.7520213723182678
723,0.7024387717247009,0.8027319312095642,0.6695585250854492,0.7518597841262817
724,0.7022679448127747,0.8029555678367615,0.6692710518836975,0.7520908117294312
725,0.7022129893302917,0.8031116127967834,0.6691433787345886,0.752271831035614
726,0.7021093964576721,0.8031511902809143,0.6690183281898499,0.7525062561035156
727,0.7019081115722656,0.8023838400840759,0.6688315272331238,0.7519623041152954
728,0.701800525188446,0.8021261692047119,0.6688753366470337,0.7516689300537109
729,0.7017150521278381,0.8024606108665466,0.6686403155326843,0.7521211504936218
730,0.701504111289978,0.8020397424697876,0.6688896417617798,0.7517175078392029
731,0.701374351978302,0.8017298579216003,0.6689484715461731,0.7512880563735962
732,0.7013022303581238,0.8019672632217407,0.6684851050376892,0.7518072724342346
733,0.7011941075325012,0.8022006750106812,0.668437659740448,0.7518946528434753
734,0.7010174989700317,0.8016305565834045,0.6683059930801392,0.7518333196640015
735,0.7008582353591919,0.8010120391845703,0.6683802008628845,0.7512755990028381
736,0.7008121609687805,0.8007937669754028,0.6683350205421448,0.7509429454803467
737,0.7006577849388123,0.8015069961547852,0.6680434346199036,0.7515432834625244
738,0.7004467248916626,0.8008506298065186,0.6682136058807373,0.7511739730834961
739,0.7003698945045471,0.8007137179374695,0.6679618954658508,0.7511574029922485
740,0.7002897262573242,0.8009777069091797,0.6677420735359192,0.7513843774795532
741,0.70015549659729,0.8005144000053406,0.66777104139328,0.7509437203407288
742,0.6999747157096863,0.7996275424957275,0.667951226234436,0.7505021691322327
743,0.6998273134231567,0.7997534275054932,0.6678259372711182,0.7505486607551575
744,0.6997902989387512,0.800387442111969,0.667682945728302,0.7511024475097656
745,0.6996363997459412,0.8001924157142639,0.6673272848129272,0.7508918642997742
746,0.699429452419281,0.7995557188987732,0.667276918888092,0.7507092952728271
747,0.6994016766548157,0.7990610003471375,0.6673895716667175,0.750225841999054
748,0.699250340461731,0.7994155287742615,0.6673600077629089,0.7505999803543091
749,0.6991195678710938,0.799326479434967,0.6672528982162476,0.7502408623695374
750,0.6989399790763855,0.7989702224731445,0.6671836376190186,0.7502581477165222
751,0.6988315582275391,0.7986534833908081,0.6670577526092529,0.7500677704811096
752,0.6988021731376648,0.7997865080833435,0.6668723821640015,0.7509539723396301
753,0.6986466646194458,0.7981932163238525,0.6666977405548096,0.749781608581543
754,0.6984151005744934,0.79799485206604,0.6669135689735413,0.7496817708015442
755,0.6983822584152222,0.7983828186988831,0.6666686534881592,0.7499816417694092
756,0.698205292224884,0.798629641532898,0.6667515635490417,0.7501909732818604
757,0.6981169581413269,0.7982815504074097,0.6665679812431335,0.7497420907020569
758,0.6979630589485168,0.798288881778717,0.6665475368499756,0.7499622702598572
759,0.6978926062583923,0.7968661189079285,0.6663920283317566,0.7491341829299927
760,0.6977856159210205,0.7982164025306702,0.6661474704742432,0.7501608729362488
761,0.69759202003479,0.7975293397903442,0.6663195490837097,0.7493030428886414
762,0.6974259614944458,0.7971249222755432,0.6664102673530579,0.7491195797920227
763,0.6973739862442017,0.7976086139678955,0.6661548614501953,0.7495616674423218
764,0.697266697883606,0.7981808185577393,0.6657782196998596,0.7501706480979919
765,0.697157084941864,0.7963229417800903,0.6658727526664734,0.7487776875495911
766,0.6969729065895081,0.7964790463447571,0.66591876745224,0.7489511966705322
767,0.6968938708305359,0.7961254119873047,0.6658447980880737,0.7487472891807556
768,0.6967670917510986,0.7976073622703552,0.6655200719833374,0.7499014139175415
769,0.6965862512588501,0.7967578768730164,0.6658135652542114,0.7488717436790466
770,0.6965358853340149,0.7956440448760986,0.6653274893760681,0.7486721277236938
771,0.6964269280433655,0.795424222946167,0.6655111908912659,0.748458206653595
772,0.6962805986404419,0.796659529209137,0.6653009057044983,0.7493408918380737
773,0.6961506605148315,0.7958639860153198,0.66529381275177,0.7485272884368896
774,0.6959185004234314,0.7960150241851807,0.6653171181678772,0.7485442757606506
775,0.6959326863288879,0.7955338954925537,0.6652052402496338,0.7485504746437073
776,0.6958723664283752,0.7959213256835938,0.6646934151649475,0.7491634488105774
777,0.695647656917572,0.7949144244194031,0.6651208400726318,0.7479622960090637
778,0.6955567598342896,0.7951313853263855,0.6647211313247681,0.7482847571372986
779,0.6953293085098267,0.7949810028076172,0.664890706539154,0.7481601238250732
780,0.6953729391098022,0.7956189513206482,0.6648802161216736,0.7487604022026062
781,0.6951858401298523,0.7946698665618896,0.6646883487701416,0.7479633092880249
782,0.6950410008430481,0.7941224575042725,0.6645844578742981,0.7477025985717773
783,0.6949294209480286,0.7944155335426331,0.6642252802848816,0.7481281757354736
784,0.6948065161705017,0.7941272854804993,0.6645852327346802,0.7478640675544739
785,0.6947572827339172,0.7950602173805237,0.6643316745758057,0.748324990272522
786,0.694561779499054,0.7938260436058044,0.6641649007797241,0.7475792169570923
787,0.694412350654602,0.7933710217475891,0.6640985608100891,0.7474058866500854
788,0.6943908929824829,0.7936745882034302,0.6640325784683228,0.7477274537086487
789,0.6942446231842041,0.7937400341033936,0.6642122268676758,0.7475423812866211
790,0.6941174268722534,0.7940996289253235,0.6639600396156311,0.7477430701255798
791,0.6939329504966736,0.7930209636688232,0.6640315651893616,0.7469983696937561
792,0.6938058137893677,0.7930979132652283,0.6638832092285156,0.7472910284996033
793,0.6938745379447937,0.7937904596328735,0.6634991765022278,0.747918963432312
794,0.6936044096946716,0.7932299375534058,0.6635146737098694,0.747368574142456
795,0.693480908870697,0.792963445186615,0.6636764407157898,0.7470778822898865
796,0.69334876537323,0.7925453782081604,0.6634439826011658,0.7470340728759766
797,0.693354070186615,0.7920416593551636,0.6635720133781433,0.7464057803153992
798,0.6932355165481567,0.7930989861488342,0.6630233526229858,0.7475989460945129
799,0.6929581761360168,0.7921267151832581,0.6632844805717468,0.7467013001441956
800,0.6929191946983337,0.7926346063613892,0.6629559993743896,0.747117280960083
801,0.6927655339241028,0.7913951277732849,0.6632972955703735,0.7463191151618958
802,0.6927793622016907,0.7918932437896729,0.6632742285728455,0.7466062903404236
803,0.6926202178001404,0.7925237417221069,0.6628283858299255,0.7470585107803345
804,0.6923796534538269,0.7915356755256653,0.6626918315887451,0.7464647889137268
805,0.69232177734375,0.7918006777763367,0.6627103686332703,0.7467755079269409
806,0.6922504901885986,0.7906368374824524,0.662938117980957,0.74558424949646
807,0.692158043384552,0.7917826175689697,0.6628149747848511,0.7465510964393616
808,0.6919729709625244,0.7914641499519348,0.6624040007591248,0.7464975714683533
809,0.6917879581451416,0.7907581925392151,0.6623806357383728,0.7460845112800598
810,0.6918037533760071,0.7909228205680847,0.6623772978782654,0.7459892630577087
811,0.6916656494140625,0.791225790977478,0.662257730960846,0.7463282942771912
812,0.6915302276611328,0.79117751121521,0.6623528003692627,0.7462294101715088
813,0.6913330554962158,0.7908060550689697,0.6620254516601562,0.7461143732070923
814,0.6912584900856018,0.7899158596992493,0.6621261835098267,0.7454825043678284
815,0.6912254691123962,0.7906216979026794,0.6617871522903442,0.7461630702018738
816,0.6910285353660583,0.7901948094367981,0.6621196269989014,0.7458215951919556
817,0.6909498572349548,0.790775716304779,0.661713182926178,0.7461866140365601
818,0.6907983422279358,0.7896674871444702,0.6617569327354431,0.745118260383606
819,0.6907089352607727,0.7892645001411438,0.661776602268219,0.745138943195343
820,0.6906479597091675,0.7890552282333374,0.6616138219833374,0.7450968623161316
821,0.6904677152633667,0.7900887131690979,0.6615116000175476,0.7459061145782471
822,0.6903250217437744,0.7899501919746399,0.6615082025527954,0.745675265789032
823,0.6901758909225464,0.7893890142440796,0.6612245440483093,0.7453086376190186
824,0.6901639699935913,0.7889827489852905,0.6611923575401306,0.7452455759048462
825,0.6900866627693176,0.788896381855011,0.6612221598625183,0.7449915409088135
826,0.6899044513702393,0.7887343168258667,0.6614676117897034,0.7447813749313354
827,0.689764678478241,0.7896053791046143,0.6609566807746887,0.7454612851142883
828,0.6895854473114014,0.7885687351226807,0.6610082983970642,0.7447931170463562
829,0.6895993947982788,0.7884437441825867,0.6608297228813171,0.7450001239776611
830,0.6894963979721069,0.7884256839752197,0.6608759760856628,0.7447033524513245
831,0.6893468499183655,0.788484513759613,0.6609372496604919,0.7446908950805664
832,0.6891413331031799,0.7885743379592896,0.6606695055961609,0.7447895407676697
833,0.6890251636505127,0.7881642580032349,0.6606937646865845,0.7445661425590515
834,0.6890643835067749,0.7877556681632996,0.660308301448822,0.7447001934051514
835,0.6889005303382874,0.7882014513015747,0.6603707671165466,0.7446147203445435
836,0.688785195350647,0.7879661917686462,0.6606100797653198,0.7444339990615845
837,0.6885620355606079,0.7881907224655151,0.660184919834137,0.7446410059928894
838,0.6885308027267456,0.787105143070221,0.6604057550430298,0.7438371777534485
839,0.6884384155273438,0.7872560620307922,0.6599140763282776,0.7443701028823853
840,0.6883051991462708,0.7876861095428467,0.6601850390434265,0.7444912195205688
841,0.6881932616233826,0.7877341508865356,0.6598678231239319,0.7445615530014038
842,0.6879650354385376,0.7874864935874939,0.6600316762924194,0.7441434264183044
843,0.6880015134811401,0.7859739065170288,0.6597499251365662,0.7435712814331055
844,0.687949001789093,0.7866601347923279,0.6595599055290222,0.7437260150909424
845,0.6877507567405701,0.7869696021080017,0.6599398851394653,0.7438956499099731
846,0.6876389384269714,0.7872950434684753,0.6595157384872437,0.7442825436592102
847,0.687466561794281,0.785863995552063,0.6595423817634583,0.7432702779769897
848,0.6874454617500305,0.7861936092376709,0.6592313647270203,0.7438672184944153
849,0.6872764825820923,0.786005437374115,0.6595180034637451,0.7434322834014893
850,0.6872366666793823,0.7867370247840881,0.6593121886253357,0.743993878364563
851,0.6870517730712891,0.7864170074462891,0.6592996120452881,0.7437340021133423
852,0.6869274377822876,0.7854158878326416,0.659375011920929,0.7429907917976379
853,0.6869319081306458,0.7855844497680664,0.6590206027030945,0.743241012096405
854,0.686741292476654,0.7854786515235901,0.6589941382408142,0.743069589138031
855,0.6867138147354126,0.7865517735481262,0.6589400172233582,0.7439591884613037
856,0.6864964962005615,0.7855349183082581,0.6589301228523254,0.743166983127594
857,0.6864317655563354,0.7848727107048035,0.6587595343589783,0.7428721189498901
858,0.6862812638282776,0.7854267358779907,0.6586324572563171,0.7432509660720825
859,0.6862239837646484,0.7849639058113098,0.6588094234466553,0.7428388595581055
860,0.6861752867698669,0.785171389579773,0.6586027145385742,0.7428969740867615
861,0.6859443187713623,0.7850344777107239,0.6585504412651062,0.7428892850875854
862,0.6859158873558044,0.7852251529693604,0.6581729650497437,0.7432193756103516
863,0.6857006549835205,0.7847130298614502,0.6583301424980164,0.7427018284797668
864,0.6856984496116638,0.7845138311386108,0.6584919095039368,0.7425540089607239
865,0.6855416893959045,0.7851823568344116,0.6583042144775391,0.7431285977363586
866,0.6855520009994507,0.7844655513763428,0.6579424142837524,0.7424952387809753
867,0.6853147149085999,0.7840948104858398,0.6580285429954529,0.742338240146637
868,0.6851993203163147,0.7843446135520935,0.6579793691635132,0.7424794435501099
869,0.6851446628570557,0.7839508652687073,0.6579850316047668,0.74233078956604
870,0.6849872469902039,0.7846432328224182,0.6579062342643738,0.7428935766220093
871,0.6849726438522339,0.7838082909584045,0.6577795147895813,0.7423405051231384
872,0.6847536563873291,0.7842267155647278,0.6575890183448792,0.7425897121429443
873,0.6846992373466492,0.7829949855804443,0.6579610109329224,0.7412928938865662
874,0.6845476031303406,0.7838627696037292,0.6576150059700012,0.7422275543212891
875,0.684560239315033,0.7838990092277527,0.6572103500366211,0.7425746917724609
876,0.6843954920768738,0.7836906313896179,0.657370388507843,0.7422377467155457
877,0.6841980218887329,0.7828219532966614,0.6573944091796875,0.741569459438324
878,0.684153139591217,0.7836417555809021,0.6572139859199524,0.7421810030937195
879,0.6839708089828491,0.7830979228019714,0.6573465466499329,0.7418680191040039
880,0.6840335130691528,0.7823781371116638,0.657372772693634,0.7413990497589111
881,0.6838586926460266,0.7831301093101501,0.6568475365638733,0.7421161532402039
882,0.6836783289909363,0.7824410200119019,0.6572373509407043,0.7410576939582825
883,0.6836144328117371,0.783277690410614,0.6570054292678833,0.7418152689933777
884,0.6834827661514282,0.7826348543167114,0.6565485596656799,0.741651713848114
885,0.6834777593612671,0.7817652225494385,0.6567718386650085,0.7411545515060425
886,0.6832393407821655,0.7827802300453186,0.6566856503486633,0.7418006062507629
887,0.6832053661346436,0.7827653288841248,0.6568284630775452,0.7415745258331299
888,0.6830223798751831,0.782112717628479,0.656290590763092,0.741485595703125
889,0.6830037832260132,0.7818748950958252,0.6565513014793396,0.7411105036735535
890,0.6828807592391968,0.7816107273101807,0.6564397215843201,0.7408457398414612
891,0.6827189922332764,0.7823871970176697,0.65663081407547,0.7413814663887024
892,0.6826976537704468,0.7822149991989136,0.6562595963478088,0.7413637042045593
893,0.6825082302093506,0.7816917300224304,0.6559875011444092,0.7410297393798828
894,0.6824140548706055,0.7816517353057861,0.6560128331184387,0.7410604953765869
895,0.6822134852409363,0.7813133001327515,0.6563084721565247,0.7406256794929504
896,0.682327151298523,0.7818622589111328,0.656133234500885,0.741320788860321
897,0.6821295619010925,0.7808037996292114,0.6557865738868713,0.7407974600791931
898,0.6820340752601624,0.7805201411247253,0.6559869050979614,0.7400522828102112
899,0.681841254234314,0.7817096710205078,0.6556442379951477,0.7411154508590698
900,0.6817308068275452,0.7806501388549805,0.6561231017112732,0.7401506900787354
901,0.681824266910553,0.7810990810394287,0.655206024646759,0.7410448789596558
902,0.6815303564071655,0.7807133197784424,0.655617356300354,0.7405875325202942
903,0.6814274191856384,0.7811218500137329,0.6554730534553528,0.7407702207565308
904,0.6812883019447327,0.7811557054519653,0.6554409861564636,0.7406662702560425
905,0.6813181638717651,0.7795560359954834,0.6554925441741943,0.739569365978241
906,0.6811572909355164,0.7800747156143188,0.655053973197937,0.7401323318481445
907,0.6810670495033264,0.7805109620094299,0.6554610133171082,0.7404171228408813
908,0.6808687448501587,0.7806921005249023,0.6551762819290161,0.7405258417129517
909,0.6808509826660156,0.7789584994316101,0.65508633852005,0.7394790649414062
910,0.6807096004486084,0.7800655364990234,0.6547602415084839,0.7402542233467102
911,0.6805073022842407,0.7799850702285767,0.6551021337509155,0.7400351762771606
912,0.68058180809021,0.7802896499633789,0.6550353765487671,0.7402112483978271
913,0.680397629737854,0.7791779637336731,0.6545079946517944,0.7397786378860474
914,0.6803293228149414,0.7788275480270386,0.655019223690033,0.7392154932022095
915,0.6800744533538818,0.7799839377403259,0.6546046137809753,0.7400971055030823
916,0.6800442934036255,0.7790605425834656,0.6548107862472534,0.7393490672111511
917,0.6799832582473755,0.7790369391441345,0.6544120907783508,0.739608883857727
918,0.6798776388168335,0.779161274433136,0.6545065641403198,0.7396202683448792
919,0.6797887086868286,0.7795334458351135,0.6540882587432861,0.7399092316627502
920,0.6795573830604553,0.7787330150604248,0.6545922756195068,0.7391431331634521
921,0.6795715689659119,0.7789952754974365,0.6539592742919922,0.7395390868186951
922,0.6793443560600281,0.7786425352096558,0.6540354490280151,0.7393563389778137
923,0.6793544292449951,0.7789940237998962,0.6540831327438354,0.7396657466888428
924,0.6791595816612244,0.7787763476371765,0.6541334986686707,0.7394869923591614
925,0.6791932582855225,0.7778619527816772,0.6542560458183289,0.73854660987854
926,0.6789143681526184,0.7786553502082825,0.6535651683807373,0.7394206523895264
927,0.6788646578788757,0.7781084179878235,0.653872549533844,0.7388123273849487
928,0.6787459254264832,0.778935968875885,0.6536949276924133,0.7396141290664673
929,0.6787159442901611,0.7781206369400024,0.6540020108222961,0.7390098571777344
930,0.6786237955093384,0.7783342003822327,0.6532288789749146,0.7394912838935852
931,0.6783798933029175,0.777316689491272,0.653719961643219,0.7382029891014099
932,0.6783527731895447,0.7783166170120239,0.6532320380210876,0.7390936613082886
933,0.6781921982765198,0.7775001525878906,0.6535730361938477,0.7383351922035217
934,0.6781858801841736,0.7783182263374329,0.6529629826545715,0.7394452691078186
935,0.6779891848564148,0.7774338126182556,0.6534591913223267,0.7386870980262756
936,0.6779561638832092,0.7767687439918518,0.6535359621047974,0.7381371855735779
937,0.6777395009994507,0.7774752378463745,0.6531400084495544,0.7383520603179932
938,0.6777086853981018,0.7772257924079895,0.6529750823974609,0.738444983959198
939,0.6776105165481567,0.7778522968292236,0.6526088118553162,0.7389875650405884
940,0.6774531006813049,0.776567816734314,0.6532354950904846,0.7379205226898193
941,0.6774418354034424,0.7778103351593018,0.6529348492622375,0.7390104532241821
942,0.6772645711898804,0.7764849066734314,0.6525644063949585,0.7379158139228821
943,0.6771501898765564,0.7768304944038391,0.652544379234314,0.7381921410560608
944,0.677007257938385,0.7761150598526001,0.6528300046920776,0.7375189661979675
945,0.6770386099815369,0.7779468894004822,0.6523681879043579,0.7389455437660217
946,0.6768501400947571,0.7759798765182495,0.6525472402572632,0.7377956509590149
947,0.6768239736557007,0.7763319611549377,0.6524991393089294,0.738154411315918
948,0.6765410304069519,0.7756897807121277,0.6524574756622314,0.7372764945030212
949,0.6765941381454468,0.7760216593742371,0.6527488827705383,0.7373704314231873
950,0.67650306224823,0.7771633863449097,0.6515824794769287,0.7387245297431946
951,0.6763313412666321,0.7750669121742249,0.6524237394332886,0.7369565963745117
952,0.6762195825576782,0.7763692736625671,0.6520611643791199,0.7380501627922058
953,0.6761057376861572,0.7758039236068726,0.6522942781448364,0.7375891208648682
954,0.6760385036468506,0.7757588028907776,0.651598334312439,0.7379001975059509
955,0.6758956909179688,0.7752454876899719,0.6519801020622253,0.7370833158493042
956,0.6758171319961548,0.7763528823852539,0.6515838503837585,0.7379198670387268
957,0.6756404638290405,0.7754584550857544,0.6517400741577148,0.7373918890953064
958,0.675676167011261,0.7750723361968994,0.6517512202262878,0.737213671207428
959,0.6754131317138672,0.7751136422157288,0.6515600085258484,0.7373760342597961
960,0.6754686832427979,0.7747772932052612,0.6518396139144897,0.7366653680801392
961,0.6753112077713013,0.7755231261253357,0.6509274840354919,0.7376790642738342
962,0.6752046942710876,0.7742546796798706,0.6516014337539673,0.7365192174911499
963,0.6750377416610718,0.7750559449195862,0.6513080596923828,0.7371070384979248
964,0.6749448180198669,0.7749395370483398,0.6515516042709351,0.7369096875190735
965,0.6748881936073303,0.774530291557312,0.6508385539054871,0.7372340559959412
966,0.6747789978981018,0.7740447521209717,0.6514014005661011,0.7366576790809631
967,0.6746756434440613,0.7749415636062622,0.6508157253265381,0.7369974255561829
968,0.6744747161865234,0.7746400237083435,0.6512158513069153,0.7366132140159607
969,0.6745767593383789,0.7747889161109924,0.6503506898880005,0.7371213436126709
970,0.6742437481880188,0.7732932567596436,0.6510285139083862,0.7358936071395874
971,0.6743195056915283,0.7751621007919312,0.650665283203125,0.7375912070274353
972,0.6740977764129639,0.774234414100647,0.6510012149810791,0.7366197109222412
973,0.6741048097610474,0.773551344871521,0.6505393385887146,0.7365204095840454
974,0.6738478541374207,0.7737767100334167,0.6503403782844543,0.7362312078475952
975,0.6737931370735168,0.7736102938652039,0.6508182287216187,0.7358773946762085
976,0.6737125515937805,0.773387610912323,0.6502755880355835,0.7361345291137695
977,0.6736770868301392,0.7733069062232971,0.6503837704658508,0.7363947629928589
978,0.6734744310379028,0.7741048336029053,0.650184690952301,0.7368419766426086
979,0.6733536124229431,0.7733234167098999,0.6506408452987671,0.7360028028488159
980,0.6733716130256653,0.7734970450401306,0.6495485901832581,0.7362658977508545
981,0.6731585264205933,0.7721777558326721,0.650326669216156,0.7351112365722656
982,0.6731183528900146,0.7740742564201355,0.6497802734375,0.7366816997528076
983,0.6729671359062195,0.7726030945777893,0.6503925919532776,0.7356182932853699
984,0.6729804277420044,0.7727876901626587,0.649645984172821,0.7362056374549866
985,0.672664999961853,0.7727066278457642,0.649781346321106,0.7358415722846985
986,0.6726258397102356,0.772953450679779,0.6497239470481873,0.7359609603881836
987,0.6725873351097107,0.7723502516746521,0.6500004529953003,0.7350422739982605
988,0.6725571751594543,0.772662341594696,0.6493088006973267,0.7358360290527344
989,0.6722826361656189,0.772888720035553,0.649548351764679,0.7359867095947266
990,0.6722977757453918,0.772201418876648,0.6497833728790283,0.7354583144187927
991,0.6721153259277344,0.7721132636070251,0.6491645574569702,0.7355552911758423
992,0.6720384955406189,0.7717823386192322,0.6494912505149841,0.7352045178413391
993,0.6719858646392822,0.7729677557945251,0.6489439606666565,0.735869288444519
994,0.6718910336494446,0.7718294858932495,0.6497301459312439,0.7349042296409607
995,0.6718254685401917,0.772250771522522,0.6485940217971802,0.7357214689254761
996,0.6715930700302124,0.7716220021247864,0.6493059992790222,0.7351572513580322
997,0.6714751124382019,0.7716983556747437,0.649018406867981,0.7352430820465088
998,0.6714813113212585,0.7720162272453308,0.6491575837135315,0.7353655099868774
999,0.6714068055152893,0.7723888754844666,0.6483380794525146,0.7356856465339661
1000,0.6711933612823486,0.771047055721283,0.6491222381591797,0.7344788312911987
